user_id,age,gender,country,signup_date,last_active_date,subscription_plan,monthly_spend,total_orders,product_category,churn_label,customer_lifetime_value,NPS_score
USR0001,25,Non-binary,USA,2022-10-09,2024-03-14,Free,2.79,0,Books,0,101.5,0
USR0002,23,Male,USA,2022-01-28,2024-04-07,Basic,47.22,20,Food,0,393.66,0
USR0003,62,Male,UK,2022-10-12,2023-01-11,Free,19.14,2,Automotive,1,15.33,2
USR0004,64,Male,Canada,2022-05-08,2024-04-18,Enterprise,396.05,100,Books,0,5811.32,5
USR0005,32,Non-binary,Australia,2022-03-23,2024-04-18,Pro,179.97,34,Clothing,0,1194.93,5
USR0006,60,Male,USA,2022-03-15,2022-08-25,Basic,22.7,10,Beauty,1,214.38,3
USR0007,21,Female,USA,2022-02-02,2024-04-12,Pro,110.17,14,Clothing,0,1027.46,7
USR0008,59,Female,Canada,2022-09-29,2023-02-25,Free,14.9,4,Home & Garden,1,39.41,1
USR0009,49,Non-binary,USA,2022-02-18,2024-03-11,Pro,72.93,20,Home & Garden,0,2480.2,9
USR0010,51,Female,USA,2022-01-12,2024-04-15,Pro,67.18,44,Electronics,0,2377.19,6
USR0011,47,Male,USA,2022-09-27,2024-04-10,Enterprise,645.28,94,Automotive,0,13864.16,9
USR0012,27,Male,UK,2022-06-15,2024-05-04,Basic,50.04,19,Electronics,0,742.95,5
USR0013,33,Female,USA,2022-03-22,2022-04-23,Free,9.72,0,Electronics,1,146.7,4
USR0014,34,Male,Canada,2023-03-10,2024-04-11,Enterprise,753.79,126,Home & Garden,0,11489.1,10
USR0015,46,Female,Brazil,2023-04-08,2023-09-05,Free,4.49,2,Clothing,1,3.16,1
USR0016,21,Non-binary,USA,2022-02-02,2024-05-11,Pro,60.63,25,Electronics,0,1196.19,9
USR0017,48,Non-binary,USA,2023-04-30,2024-04-24,Pro,78.56,16,Sports,0,2147.46,0
USR0018,59,Non-binary,Mexico,2022-04-11,2022-08-03,Free,14.56,0,Electronics,1,37.3,2
USR0019,33,Female,Brazil,2022-03-19,2024-05-11,Basic,53.76,20,Food,0,168.54,1
USR0020,28,Male,UK,2023-05-08,2023-08-15,Free,8.02,0,Clothing,1,24.7,2
USR0021,62,Female,Mexico,2023-05-14,2023-08-02,Free,5.93,0,Electronics,1,86.88,3
USR0022,51,Non-binary,USA,2022-03-24,2022-04-23,Pro,60.28,14,Health,1,2188.03,1
USR0023,56,Non-binary,USA,2022-03-25,2022-09-12,Basic,41.27,19,Toys,1,321.46,2
USR0024,26,Female,France,2022-11-04,2024-05-14,Basic,56.81,5,Health,0,106.52,1
USR0025,31,Non-binary,Canada,2022-05-16,2024-04-28,Enterprise,722.56,142,Food,0,5175.7,9
USR0026,51,Non-binary,USA,2022-11-03,2022-11-30,Enterprise,217.33,142,Toys,1,3745.78,7
USR0027,56,Female,USA,2022-12-18,2022-12-31,Free,12.68,2,Electronics,1,75.81,6
USR0028,20,Female,USA,2022-05-14,2024-03-04,Basic,26.79,17,Electronics,0,486.18,2
USR0029,20,Non-binary,India,2022-06-01,2024-03-08,Basic,16.88,14,Health,0,729.29,3
USR0030,33,Non-binary,France,2022-12-29,2024-04-02,Pro,182.62,36,Automotive,0,2934.59,2
USR0031,19,Female,USA,2022-12-07,2024-04-06,Pro,111.76,52,Clothing,0,2660.16,1
USR0032,20,Female,Brazil,2022-08-16,2024-04-01,Free,18.37,2,Clothing,0,45.78,10
USR0033,43,Male,UK,2022-03-13,2024-05-10,Enterprise,331.43,112,Home & Garden,0,8622.27,5
USR0034,29,Female,Germany,2022-09-29,2023-03-03,Free,11.93,2,Health,1,109.28,1
USR0035,30,Non-binary,USA,2023-03-23,2024-05-27,Free,18.51,4,Clothing,0,103.03,6
USR0036,60,Male,Japan,2022-11-18,2024-04-13,Pro,68.69,29,Home & Garden,0,1767.81,4
USR0037,26,Non-binary,USA,2023-01-24,2024-03-03,Pro,185.42,49,Clothing,0,1922.76,3
USR0038,55,Female,Germany,2022-11-26,2024-03-24,Basic,34.9,9,Beauty,0,457.82,4
USR0039,60,Non-binary,Germany,2022-12-10,2023-01-29,Free,19.04,1,Electronics,1,100.92,0
USR0040,57,Female,India,2022-03-16,2022-06-26,Basic,54.88,9,Clothing,1,602.84,5
USR0041,24,Male,Australia,2022-08-13,2024-03-18,Free,19.16,4,Sports,0,69.68,7
USR0042,51,Non-binary,Mexico,2022-11-21,2024-04-26,Enterprise,729.43,108,Food,0,12595.08,8
USR0043,65,Male,Brazil,2023-04-06,2024-05-04,Free,4.94,5,Beauty,0,41.6,4
USR0044,22,Female,France,2022-08-29,2022-12-05,Free,6.39,4,Beauty,1,12.09,0
USR0045,44,Female,UK,2023-04-23,2024-05-31,Basic,24.31,16,Electronics,0,372.63,9
USR0046,48,Female,USA,2022-12-27,2024-05-19,Free,7.8,3,Health,0,80.73,7
USR0047,35,Male,UK,2022-01-30,2024-03-19,Basic,45.1,15,Health,0,606.93,8
USR0048,43,Male,Germany,2022-01-28,2022-04-21,Free,8.57,3,Clothing,1,27.26,2
USR0049,35,Female,Australia,2023-03-08,2023-06-05,Free,1.64,0,Clothing,1,112.35,1
USR0050,20,Non-binary,Australia,2022-09-11,2022-10-10,Free,0.41,1,Books,1,35.78,3
USR0051,34,Non-binary,Australia,2022-06-21,2022-09-08,Basic,58.37,6,Electronics,1,644.45,0
USR0052,61,Non-binary,Japan,2023-01-20,2024-04-03,Basic,47.18,5,Electronics,0,514.47,4
USR0053,56,Non-binary,India,2022-02-12,2022-02-15,Free,8.57,2,Automotive,1,10.34,0
USR0054,41,Female,Germany,2023-04-16,2024-05-20,Pro,115.32,56,Food,0,1804.37,8
USR0055,47,Female,UK,2022-10-02,2023-01-28,Free,4.91,0,Books,1,41.84,3
USR0056,19,Female,Canada,2022-11-29,2024-05-31,Free,4.24,2,Automotive,0,51.05,8
USR0057,51,Male,Japan,2022-03-29,2024-05-24,Free,8.13,4,Toys,0,113.72,7
USR0058,23,Male,USA,2023-02-19,2024-04-16,Pro,95.93,47,Home & Garden,0,1422.55,8
USR0059,40,Female,France,2022-10-05,2023-02-19,Free,4.61,5,Health,1,28.89,1
USR0060,65,Male,Canada,2022-10-17,2024-03-04,Enterprise,691.21,67,Toys,0,4957.28,7
USR0061,21,Male,Canada,2022-05-10,2024-05-02,Basic,48.88,6,Sports,0,710.9,5
USR0062,21,Male,USA,2023-05-05,2024-03-09,Free,1.31,3,Clothing,0,11.11,9
USR0063,23,Female,Mexico,2022-05-02,2022-08-23,Basic,33.73,10,Clothing,1,642.99,3
USR0064,54,Female,Germany,2022-04-12,2022-06-12,Enterprise,285.06,57,Clothing,1,5440.4,6
USR0065,44,Male,Canada,2023-04-27,2024-03-12,Free,4.63,5,Beauty,0,42.41,4
USR0066,55,Non-binary,France,2022-07-22,2024-03-12,Basic,39.51,7,Electronics,0,735.89,4
USR0067,65,Non-binary,India,2022-10-23,2024-05-06,Basic,36.09,12,Books,0,589.81,7
USR0068,56,Male,USA,2023-03-19,2024-05-15,Pro,140.56,11,Books,0,728.32,0
USR0069,35,Non-binary,Germany,2022-06-29,2024-05-23,Basic,44.32,11,Food,0,227.04,1
USR0070,40,Female,UK,2022-11-25,2024-05-26,Pro,178.66,31,Health,0,1529.11,8
USR0071,47,Male,USA,2022-09-16,2024-03-03,Free,19.4,3,Beauty,0,129.74,8
USR0072,44,Female,USA,2023-01-06,2023-05-26,Basic,37.43,17,Electronics,1,631.99,3
USR0073,49,Non-binary,USA,2022-09-03,2022-10-02,Pro,96.61,10,Sports,1,1880.63,1
USR0074,49,Male,Japan,2022-10-26,2023-03-16,Basic,27.3,18,Electronics,1,786.17,3
USR0075,65,Non-binary,Brazil,2022-03-13,2024-04-06,Free,15.8,3,Food,0,50.98,4
USR0076,37,Non-binary,India,2023-05-17,2024-05-11,Pro,116.98,40,Home & Garden,0,1362.81,5
USR0077,62,Male,USA,2023-01-28,2023-05-05,Free,15.51,0,Home & Garden,1,47.73,6
USR0078,27,Non-binary,Canada,2022-02-07,2024-04-28,Free,19.31,2,Electronics,0,130.46,7
USR0079,64,Male,USA,2022-06-08,2024-05-25,Free,15.63,2,Electronics,0,50.78,5
USR0080,52,Non-binary,UK,2022-11-21,2022-12-08,Basic,54.93,18,Clothing,1,710.67,2
USR0081,65,Male,USA,2022-04-11,2024-03-06,Pro,155.58,16,Electronics,0,1609.2,0
USR0082,40,Female,UK,2022-05-30,2022-06-19,Free,8.24,5,Beauty,1,118.88,4
USR0083,33,Non-binary,Canada,2022-05-27,2022-09-23,Free,12.76,3,Health,1,38.3,4
USR0084,22,Male,UK,2022-12-20,2024-04-10,Enterprise,344.45,84,Clothing,0,10974.08,8
USR0085,33,Male,UK,2023-01-03,2024-04-22,Basic,59.67,12,Clothing,0,115.36,9
USR0086,65,Non-binary,Mexico,2023-05-24,2024-04-17,Pro,185.44,59,Clothing,0,2497.15,3
USR0087,34,Non-binary,France,2022-05-21,2024-05-16,Basic,55.65,4,Home & Garden,0,316.25,2
USR0088,36,Male,UK,2023-03-02,2023-07-08,Free,2.64,4,Health,1,131.47,2
USR0089,36,Female,Australia,2022-12-13,2024-05-28,Pro,120.25,14,Toys,0,851.89,6
USR0090,41,Non-binary,USA,2023-02-09,2024-04-05,Free,10.73,3,Books,0,55.29,10
USR0091,24,Female,France,2023-04-28,2024-05-24,Free,17.68,4,Electronics,0,49.2,7
USR0092,37,Non-binary,Germany,2022-04-30,2022-06-29,Free,18.93,2,Automotive,1,149.39,2
USR0093,41,Female,France,2023-03-06,2024-05-20,Basic,47.7,16,Home & Garden,0,558.45,4
USR0094,62,Male,UK,2023-03-31,2024-05-11,Basic,25.63,14,Health,0,169.55,10
USR0095,21,Female,UK,2022-07-14,2024-05-24,Enterprise,766.86,135,Beauty,0,7911.33,5
USR0096,33,Female,Mexico,2022-07-30,2024-04-01,Free,15.3,1,Clothing,0,87.96,2
USR0097,18,Non-binary,USA,2022-05-29,2024-03-06,Enterprise,501.14,132,Electronics,0,4268.46,6
USR0098,38,Non-binary,USA,2022-09-29,2023-01-21,Free,14.83,4,Food,1,17.05,4
USR0099,46,Male,Canada,2022-02-14,2024-03-06,Pro,186.31,52,Electronics,0,1803.63,7
USR0100,45,Female,France,2023-05-18,2023-06-19,Pro,116.53,15,Clothing,1,1305.28,4
USR0101,63,Non-binary,UK,2022-10-29,2023-04-14,Basic,42.24,6,Beauty,1,655.17,5
USR0102,45,Male,Canada,2022-08-22,2022-12-09,Basic,52.23,15,Clothing,1,391.19,2
USR0103,61,Male,Japan,2022-03-10,2024-03-19,Free,1.71,3,Books,0,14.48,9
USR0104,53,Non-binary,UK,2022-05-06,2024-04-08,Basic,54.31,16,Beauty,0,707.66,5
USR0105,54,Male,Canada,2022-06-08,2024-03-17,Pro,83.64,16,Food,0,1375.28,9
USR0106,45,Male,India,2022-01-27,2022-04-16,Basic,44.6,11,Health,1,120.27,0
USR0107,27,Male,Canada,2023-02-15,2023-05-22,Free,14.82,0,Home & Garden,1,13.76,1
USR0108,37,Female,Australia,2022-03-28,2024-04-06,Pro,73.34,58,Sports,0,2044.6,6
USR0109,56,Female,UK,2022-10-07,2023-03-29,Free,10.25,2,Books,1,64.49,5
USR0110,20,Female,USA,2022-02-26,2024-04-09,Free,6.03,1,Clothing,0,115.1,0
USR0111,65,Female,UK,2022-05-13,2024-04-17,Basic,46.67,19,Electronics,0,491.11,0
USR0112,19,Female,Canada,2022-03-21,2024-04-09,Pro,136.36,46,Electronics,0,1511.06,0
USR0113,28,Female,India,2023-04-17,2023-08-06,Pro,187.97,15,Books,1,1591.78,0
USR0114,37,Female,Australia,2022-08-15,2022-10-03,Free,3.36,4,Health,1,94.98,2
USR0115,59,Non-binary,India,2022-08-30,2024-05-25,Free,5.12,1,Electronics,0,90.36,10
USR0116,47,Female,Australia,2023-04-05,2024-05-22,Pro,182.31,51,Clothing,0,2088.25,7
USR0117,48,Male,UK,2022-11-07,2024-04-29,Pro,138.71,32,Electronics,0,1768.34,5
USR0118,22,Female,Germany,2022-04-03,2024-03-08,Basic,37.82,17,Sports,0,506.23,9
USR0119,30,Non-binary,UK,2023-05-03,2024-04-15,Basic,58.1,17,Health,0,172.45,1
USR0120,59,Non-binary,USA,2022-09-11,2022-12-15,Pro,198.65,43,Health,1,1806.87,3
USR0121,61,Female,Germany,2022-12-09,2023-05-26,Free,1.89,5,Health,1,57.98,6
USR0122,39,Male,USA,2022-05-25,2024-05-18,Enterprise,351.65,113,Toys,0,11080.24,7
USR0123,42,Non-binary,Germany,2022-12-03,2024-03-14,Pro,150.52,57,Beauty,0,2992.91,6
USR0124,41,Non-binary,USA,2022-11-13,2024-03-22,Free,4.28,3,Electronics,0,28.8,1
USR0125,52,Non-binary,India,2022-02-08,2024-03-23,Pro,181.46,49,Clothing,0,827.62,9
USR0126,64,Male,UK,2023-02-25,2024-04-29,Basic,47.38,17,Clothing,0,527.42,3
USR0127,48,Female,Japan,2022-07-18,2022-10-23,Basic,57.62,17,Sports,1,423.18,1
USR0128,56,Male,USA,2022-09-14,2023-01-24,Free,9.61,2,Automotive,1,83.18,0
USR0129,35,Male,UK,2022-05-31,2024-03-06,Pro,63.76,24,Home & Garden,0,2541.76,6
USR0130,41,Non-binary,USA,2022-03-25,2024-03-21,Basic,16.27,6,Electronics,0,687.42,4
USR0131,62,Female,India,2023-04-26,2023-06-03,Basic,15.24,5,Books,1,113.3,4
USR0132,25,Female,Australia,2022-09-01,2024-03-11,Free,0.95,3,Electronics,0,95.84,7
USR0133,52,Non-binary,USA,2022-09-05,2022-12-20,Pro,93.69,10,Clothing,1,2037.02,0
USR0134,41,Non-binary,USA,2022-01-21,2022-01-25,Basic,36.16,15,Home & Garden,1,786.73,1
USR0135,64,Male,France,2022-04-17,2024-04-15,Pro,160.28,31,Food,0,833.52,2
USR0136,47,Non-binary,Mexico,2023-05-06,2024-03-07,Basic,51.52,5,Clothing,0,601.23,0
USR0137,20,Male,UK,2022-11-14,2023-04-28,Basic,59.51,20,Clothing,1,431.38,5
USR0138,59,Male,UK,2022-05-08,2024-04-21,Pro,115.54,35,Home & Garden,0,2358.27,2
USR0139,62,Female,Canada,2022-10-01,2024-03-26,Pro,159.06,15,Books,0,1576.52,5
USR0140,23,Male,UK,2022-10-30,2023-02-21,Free,12.05,3,Electronics,1,25.0,4
USR0141,35,Female,Germany,2022-02-28,2024-03-23,Free,12.75,2,Health,0,76.96,2
USR0142,61,Non-binary,India,2022-02-05,2022-06-30,Free,4.72,5,Electronics,1,54.95,2
USR0143,41,Female,UK,2022-03-20,2022-04-18,Basic,38.83,15,Electronics,1,320.07,2
USR0144,42,Non-binary,Japan,2022-05-01,2024-05-30,Free,5.21,3,Health,0,32.19,7
USR0145,25,Male,USA,2022-03-17,2024-04-12,Basic,55.44,17,Beauty,0,798.08,1
USR0146,52,Non-binary,USA,2022-11-04,2024-05-07,Pro,156.77,54,Clothing,0,2094.25,3
USR0147,33,Male,India,2022-01-27,2024-05-20,Basic,40.75,17,Automotive,0,662.56,1
USR0148,43,Female,Mexico,2023-05-06,2023-05-24,Basic,49.61,5,Sports,1,187.73,4
USR0149,26,Female,Brazil,2022-07-06,2022-08-06,Pro,69.35,42,Books,1,2776.78,1
USR0150,38,Male,Japan,2022-08-19,2023-01-28,Free,18.82,2,Health,1,126.89,1
USR0151,37,Non-binary,Germany,2022-04-06,2024-05-19,Basic,22.59,7,Home & Garden,0,219.84,9
USR0152,19,Male,USA,2022-09-29,2023-03-08,Pro,165.04,36,Books,1,2045.27,2
USR0153,33,Female,India,2023-02-20,2023-06-18,Free,1.46,0,Clothing,1,23.71,1
USR0154,63,Female,UK,2022-12-20,2023-02-19,Enterprise,235.0,77,Sports,1,8694.74,8
USR0155,27,Male,USA,2022-10-25,2024-03-23,Enterprise,711.71,83,Food,0,5227.51,10
USR0156,30,Female,Australia,2023-05-26,2023-09-03,Enterprise,453.43,142,Sports,1,6011.03,6
USR0157,40,Non-binary,USA,2022-10-16,2022-11-12,Basic,54.71,18,Sports,1,300.02,4
USR0158,43,Female,UK,2023-02-15,2023-06-24,Free,11.24,2,Sports,1,82.98,2
USR0159,61,Non-binary,Germany,2022-05-12,2024-04-18,Enterprise,406.04,131,Toys,0,14828.24,9
USR0160,43,Non-binary,Canada,2022-02-16,2022-06-27,Free,14.27,3,Electronics,1,77.9,2
USR0161,43,Male,Mexico,2022-11-03,2024-04-10,Basic,37.83,19,Sports,0,472.64,0
USR0162,39,Female,France,2023-03-03,2023-08-17,Basic,50.85,3,Food,1,517.84,4
USR0163,64,Male,USA,2023-05-07,2023-10-28,Free,12.58,4,Clothing,1,116.19,5
USR0164,30,Male,USA,2022-11-18,2024-05-02,Basic,33.58,9,Automotive,0,387.26,0
USR0165,26,Non-binary,Canada,2022-11-29,2024-05-10,Enterprise,460.94,78,Home & Garden,0,6078.78,10
USR0166,61,Non-binary,Germany,2022-09-28,2022-12-13,Basic,23.65,10,Food,1,295.3,3
USR0167,49,Non-binary,UK,2022-12-24,2024-05-11,Basic,57.05,11,Home & Garden,0,301.45,6
USR0168,27,Female,USA,2022-10-22,2024-05-03,Enterprise,201.37,148,Clothing,0,7750.89,8
USR0169,62,Non-binary,USA,2022-04-22,2024-03-31,Basic,41.41,10,Beauty,0,135.54,0
USR0170,44,Male,UK,2023-04-29,2024-03-23,Free,15.42,0,Home & Garden,0,144.68,7
USR0171,59,Female,USA,2022-10-22,2022-10-31,Free,12.92,0,Health,1,97.84,2
USR0172,20,Male,Mexico,2023-02-11,2024-03-07,Pro,77.95,57,Electronics,0,2905.33,9
USR0173,24,Non-binary,Japan,2022-12-10,2024-03-20,Free,19.78,4,Automotive,0,78.65,7
USR0174,30,Female,India,2022-12-05,2023-03-01,Free,9.18,2,Food,1,107.79,5
USR0175,29,Male,Germany,2023-02-20,2023-03-27,Pro,127.29,15,Sports,1,1502.08,0
USR0176,42,Female,USA,2022-10-01,2024-04-18,Enterprise,346.26,122,Beauty,0,9447.41,10
USR0177,47,Male,UK,2023-02-20,2024-05-23,Pro,188.47,55,Health,0,2424.6,4
USR0178,57,Female,USA,2022-05-17,2024-05-02,Basic,35.47,14,Toys,0,391.09,10
USR0179,33,Male,France,2022-03-25,2024-03-10,Basic,38.77,14,Food,0,154.67,8
USR0180,54,Male,Canada,2022-06-18,2024-05-04,Free,10.41,0,Electronics,0,102.04,8
USR0181,21,Female,Canada,2023-03-02,2023-03-07,Basic,17.6,17,Home & Garden,1,570.94,0
USR0182,55,Male,USA,2023-03-10,2023-07-08,Free,1.28,0,Electronics,1,140.19,1
USR0183,59,Male,Mexico,2023-03-07,2024-04-20,Basic,55.11,17,Electronics,0,708.73,10
USR0184,26,Non-binary,France,2022-12-23,2024-03-31,Free,19.86,3,Food,0,79.33,0
USR0185,47,Female,France,2023-03-11,2023-04-28,Basic,52.05,10,Health,1,422.44,0
USR0186,44,Non-binary,Germany,2022-01-17,2024-06-01,Free,1.35,4,Automotive,0,5.04,3
USR0187,20,Non-binary,UK,2022-08-28,2024-04-01,Basic,48.95,4,Food,0,198.09,9
USR0188,54,Female,Germany,2022-11-25,2023-02-03,Free,17.53,5,Electronics,1,78.19,5
USR0189,58,Male,France,2023-05-23,2024-04-12,Free,6.89,5,Beauty,0,100.7,6
USR0190,37,Male,UK,2023-04-30,2023-05-14,Free,4.51,5,Books,1,21.65,4
USR0191,26,Non-binary,UK,2022-09-19,2022-11-06,Free,12.93,3,Electronics,1,127.07,5
USR0192,56,Non-binary,USA,2022-03-16,2022-05-08,Free,15.23,5,Automotive,1,100.72,2
USR0193,31,Male,Japan,2022-05-01,2024-04-22,Pro,163.15,25,Health,0,2239.07,8
USR0194,36,Female,UK,2023-01-03,2024-05-02,Free,7.19,3,Food,0,69.9,5
USR0195,41,Male,UK,2022-02-16,2024-05-16,Basic,24.96,7,Books,0,111.35,6
USR0196,27,Female,USA,2022-08-24,2024-04-15,Basic,52.5,18,Clothing,0,485.45,7
USR0197,59,Non-binary,Australia,2023-04-17,2023-06-03,Free,15.9,1,Health,1,20.99,5
USR0198,51,Male,USA,2022-03-18,2024-05-22,Enterprise,584.34,127,Clothing,0,2082.99,5
USR0199,50,Male,Canada,2022-03-03,2022-07-17,Basic,45.0,18,Books,1,561.5,0
USR0200,64,Non-binary,USA,2022-10-21,2024-03-25,Free,16.26,5,Electronics,0,64.59,1
USR0201,27,Non-binary,USA,2022-09-16,2024-04-30,Pro,90.1,35,Books,0,697.55,3
USR0202,61,Female,India,2022-03-24,2024-04-20,Pro,178.73,58,Books,0,579.21,0
USR0203,18,Non-binary,France,2022-03-26,2024-03-15,Basic,34.53,13,Health,0,496.1,0
USR0204,31,Male,Japan,2023-05-02,2024-05-14,Free,18.48,5,Beauty,0,138.84,2
USR0205,19,Female,Mexico,2022-05-28,2024-05-14,Pro,156.91,35,Clothing,0,2822.19,6
USR0206,52,Non-binary,UK,2022-05-24,2024-03-09,Pro,153.4,15,Electronics,0,1751.98,3
USR0207,39,Male,Germany,2023-02-11,2024-05-04,Enterprise,362.14,111,Clothing,0,5553.25,8
USR0208,29,Female,France,2023-01-25,2023-03-05,Free,12.37,1,Home & Garden,1,106.97,1
USR0209,42,Non-binary,UK,2022-04-20,2022-05-23,Free,18.86,3,Electronics,1,53.99,3
USR0210,53,Non-binary,Canada,2022-04-16,2024-04-21,Free,7.08,0,Electronics,0,89.54,6
USR0211,23,Female,Australia,2022-09-06,2022-11-13,Basic,22.63,15,Sports,1,218.65,1
USR0212,35,Female,UK,2023-05-11,2024-05-20,Pro,104.17,25,Clothing,0,2302.25,1
USR0213,37,Male,USA,2023-02-10,2023-07-26,Free,12.4,2,Health,1,66.03,2
USR0214,56,Female,Japan,2022-07-25,2023-01-18,Basic,22.99,15,Beauty,1,778.11,6
USR0215,38,Male,UK,2023-02-07,2024-05-29,Basic,56.94,9,Food,0,514.56,0
USR0216,47,Non-binary,Japan,2022-08-03,2024-04-24,Basic,28.11,5,Beauty,0,673.28,2
USR0217,37,Non-binary,USA,2022-06-07,2024-05-16,Pro,168.36,14,Home & Garden,0,1622.67,8
USR0218,44,Non-binary,Canada,2023-01-04,2023-03-08,Pro,171.84,48,Beauty,1,2095.45,1
USR0219,57,Non-binary,USA,2023-02-14,2023-04-21,Enterprise,365.54,131,Clothing,1,7595.92,9
USR0220,62,Non-binary,Germany,2023-04-02,2024-05-03,Basic,35.84,19,Electronics,0,205.52,6
USR0221,25,Male,India,2022-05-26,2022-06-19,Free,6.86,1,Sports,1,78.17,2
USR0222,37,Male,USA,2022-04-28,2022-06-29,Free,6.86,0,Books,1,101.57,1
USR0223,53,Female,UK,2023-04-19,2024-04-22,Free,8.1,1,Electronics,0,27.96,9
USR0224,46,Male,Germany,2023-02-03,2024-03-11,Free,4.3,2,Books,0,112.85,8
USR0225,41,Male,UK,2023-04-14,2024-05-18,Free,13.41,3,Home & Garden,0,79.16,6
USR0226,25,Non-binary,UK,2023-04-14,2024-05-28,Basic,51.62,12,Electronics,0,743.08,1
USR0227,37,Male,USA,2023-01-18,2024-04-26,Pro,126.62,36,Clothing,0,1991.06,10
USR0228,62,Non-binary,Japan,2022-06-27,2024-05-21,Basic,37.03,7,Electronics,0,230.97,5
USR0229,49,Male,USA,2023-01-29,2024-06-01,Enterprise,478.53,93,Food,0,7318.75,7
USR0230,54,Male,USA,2022-08-14,2024-05-14,Free,5.5,4,Toys,0,43.3,7
USR0231,50,Non-binary,USA,2022-04-27,2024-04-28,Free,10.86,2,Books,0,81.31,6
USR0232,65,Male,India,2022-09-11,2024-03-14,Free,19.99,3,Sports,0,39.42,1
USR0233,31,Male,India,2022-12-26,2023-02-16,Pro,141.54,37,Food,1,914.95,0
USR0234,52,Female,USA,2022-06-22,2024-05-07,Free,14.08,2,Health,0,85.91,10
USR0235,26,Male,Mexico,2023-02-26,2024-03-19,Enterprise,795.12,140,Clothing,0,10526.65,6
USR0236,43,Non-binary,Canada,2022-10-03,2024-03-14,Basic,31.88,5,Home & Garden,0,543.54,4
USR0237,41,Non-binary,Canada,2023-05-15,2024-05-23,Free,0.05,5,Beauty,0,13.97,5
USR0238,52,Male,UK,2023-03-16,2024-05-15,Pro,124.21,30,Electronics,0,2570.86,7
USR0239,61,Female,Australia,2022-02-17,2024-03-23,Free,15.68,3,Sports,0,2.44,0
USR0240,30,Female,Mexico,2022-05-16,2024-03-13,Pro,95.28,27,Home & Garden,0,733.35,10
USR0241,21,Male,UK,2022-11-09,2024-03-03,Pro,163.28,37,Clothing,0,2138.71,1
USR0242,55,Male,USA,2023-04-01,2023-05-04,Free,13.91,0,Sports,1,148.22,3
USR0243,64,Male,India,2022-04-16,2024-03-20,Free,17.62,1,Beauty,0,57.41,10
USR0244,22,Male,Canada,2022-01-09,2024-03-22,Basic,22.39,14,Health,0,605.7,9
USR0245,46,Non-binary,Brazil,2022-03-30,2024-04-26,Pro,71.0,17,Clothing,0,1973.93,2
USR0246,35,Male,Germany,2022-09-12,2024-05-26,Basic,42.0,12,Automotive,0,645.28,3
USR0247,56,Non-binary,Canada,2023-02-06,2023-06-13,Free,1.09,1,Beauty,1,74.23,1
USR0248,41,Male,Japan,2022-05-16,2024-05-02,Basic,52.75,16,Health,0,355.79,1
USR0249,55,Male,USA,2022-09-26,2024-05-06,Free,18.45,3,Food,0,75.99,6
USR0250,43,Non-binary,USA,2022-06-06,2024-03-22,Free,6.2,4,Books,0,138.14,6
USR0251,58,Non-binary,Australia,2022-03-09,2022-06-28,Free,8.75,1,Electronics,1,8.69,4
USR0252,37,Male,France,2022-06-29,2022-09-25,Free,14.16,5,Books,1,1.7,1
USR0253,26,Female,Australia,2022-10-03,2024-05-09,Pro,67.71,11,Electronics,0,1337.53,9
USR0254,22,Non-binary,Canada,2023-01-04,2023-01-30,Free,17.19,1,Health,1,55.15,5
USR0255,32,Male,Australia,2022-01-03,2022-02-10,Free,17.26,1,Clothing,1,6.9,0
USR0256,65,Non-binary,France,2022-08-18,2024-05-15,Free,8.33,5,Home & Garden,0,47.99,8
USR0257,21,Non-binary,USA,2022-02-17,2024-04-11,Enterprise,194.8,89,Clothing,0,13258.42,8
USR0258,41,Male,USA,2022-11-08,2024-03-28,Pro,86.39,33,Toys,0,1979.23,8
USR0259,27,Male,USA,2023-02-24,2024-04-14,Free,10.83,5,Electronics,0,125.94,10
USR0260,65,Female,Australia,2022-04-17,2022-05-23,Free,19.66,3,Toys,1,73.8,0
USR0261,51,Male,UK,2023-01-17,2024-04-22,Basic,48.66,6,Electronics,0,453.8,9
USR0262,45,Male,France,2022-05-14,2022-08-05,Free,5.22,2,Clothing,1,138.91,1
USR0263,30,Male,USA,2022-04-22,2022-07-22,Free,3.29,3,Health,1,47.1,3
USR0264,47,Female,USA,2022-05-03,2024-03-08,Free,16.15,2,Clothing,0,123.96,5
USR0265,23,Male,France,2022-12-31,2024-03-06,Basic,17.2,12,Health,0,282.12,7
USR0266,65,Non-binary,Canada,2022-04-07,2022-06-02,Basic,51.18,7,Electronics,1,185.02,2
USR0267,58,Non-binary,Japan,2022-03-28,2022-09-09,Basic,26.65,5,Sports,1,115.26,0
USR0268,25,Female,USA,2023-04-18,2023-04-25,Free,18.48,3,Home & Garden,1,123.25,1
USR0269,31,Female,Japan,2022-10-09,2024-05-24,Free,17.67,0,Clothing,0,92.12,6
USR0270,48,Non-binary,USA,2022-10-14,2024-05-11,Basic,33.87,19,Food,0,274.4,6
USR0271,40,Non-binary,Canada,2023-05-12,2023-08-01,Free,11.31,2,Books,1,58.26,0
USR0272,21,Female,India,2023-04-29,2023-10-14,Basic,49.51,10,Clothing,1,781.79,6
USR0273,21,Non-binary,Australia,2022-08-13,2024-03-25,Basic,59.22,15,Clothing,0,348.36,9
USR0274,65,Female,France,2022-01-29,2024-03-27,Pro,102.75,46,Food,0,1909.02,7
USR0275,37,Non-binary,USA,2022-02-08,2022-05-03,Free,4.65,1,Health,1,2.99,3
USR0276,39,Male,France,2022-11-28,2024-05-09,Free,2.95,5,Automotive,0,137.58,1
USR0277,63,Female,Japan,2023-02-10,2023-06-01,Basic,30.15,13,Food,1,195.52,5
USR0278,29,Female,France,2023-01-01,2024-04-09,Free,11.78,1,Electronics,0,56.76,0
USR0279,54,Non-binary,UK,2022-02-03,2022-06-10,Free,6.36,4,Electronics,1,33.13,1
USR0280,38,Female,USA,2022-04-01,2024-04-05,Pro,150.5,56,Clothing,0,2716.63,1
USR0281,34,Female,India,2022-01-02,2024-05-05,Free,8.76,3,Automotive,0,145.37,5
USR0282,42,Non-binary,USA,2023-05-06,2023-05-24,Pro,136.71,58,Food,1,2217.9,0
USR0283,38,Male,USA,2022-04-18,2022-05-11,Free,3.4,3,Home & Garden,1,24.14,3
USR0284,19,Non-binary,UK,2022-06-18,2022-08-05,Basic,34.54,4,Home & Garden,1,170.88,5
USR0285,52,Non-binary,USA,2022-10-16,2024-03-22,Free,1.92,3,Electronics,0,85.77,0
USR0286,23,Female,USA,2023-05-07,2024-05-02,Free,0.51,1,Automotive,0,95.73,4
USR0287,48,Female,Canada,2022-09-29,2022-11-15,Free,10.88,1,Sports,1,55.65,3
USR0288,34,Female,USA,2022-10-03,2023-02-18,Basic,21.8,6,Home & Garden,1,160.0,1
USR0289,21,Non-binary,India,2023-03-05,2024-05-02,Enterprise,596.59,149,Clothing,0,8172.72,10
USR0290,50,Male,Germany,2022-05-31,2022-07-24,Free,15.14,1,Food,1,142.36,0
USR0291,23,Female,Mexico,2023-03-22,2023-04-08,Free,16.45,1,Electronics,1,125.12,3
USR0292,38,Non-binary,Brazil,2023-04-15,2024-04-25,Enterprise,158.04,119,Electronics,0,10099.75,6
USR0293,55,Non-binary,Germany,2022-04-13,2024-04-16,Enterprise,515.74,42,Automotive,0,12214.69,8
USR0294,49,Non-binary,Germany,2023-04-30,2024-04-23,Free,5.51,1,Electronics,0,92.74,5
USR0295,33,Non-binary,USA,2023-05-02,2024-04-11,Enterprise,733.07,32,Clothing,0,6392.26,10
USR0296,24,Non-binary,Mexico,2022-08-22,2022-12-06,Free,19.48,3,Beauty,1,116.1,1
USR0297,31,Female,Japan,2023-02-21,2024-03-23,Pro,163.92,33,Electronics,0,2552.54,8
USR0298,26,Female,India,2022-01-30,2022-05-26,Free,17.5,1,Electronics,1,125.55,5
USR0299,35,Male,UK,2023-04-21,2023-08-24,Basic,43.59,6,Books,1,576.82,2
USR0300,55,Female,Canada,2022-12-19,2022-12-26,Free,17.89,5,Home & Garden,1,124.63,2
USR0301,31,Non-binary,Brazil,2022-08-19,2024-05-29,Pro,90.36,36,Electronics,0,1783.2,2
USR0302,29,Non-binary,Germany,2022-01-09,2024-04-07,Free,12.17,2,Home & Garden,0,106.91,6
USR0303,47,Female,USA,2023-04-23,2023-08-31,Free,10.41,4,Health,1,59.57,4
USR0304,56,Non-binary,Germany,2022-11-02,2024-04-07,Pro,122.26,31,Clothing,0,2970.9,10
USR0305,30,Female,USA,2022-09-04,2024-03-20,Pro,170.81,48,Toys,0,1510.25,10
USR0306,36,Female,USA,2023-03-05,2024-05-29,Basic,48.15,9,Books,0,340.22,7
USR0307,40,Non-binary,Canada,2022-06-24,2024-04-05,Pro,181.47,21,Toys,0,1234.46,8
USR0308,61,Male,Brazil,2022-04-02,2024-04-19,Free,4.47,2,Clothing,0,63.07,4
USR0309,25,Female,Canada,2022-03-14,2024-04-10,Basic,23.75,6,Home & Garden,0,707.25,2
USR0310,30,Male,UK,2023-04-14,2023-09-22,Free,17.25,1,Health,1,116.84,5
USR0311,18,Male,Canada,2022-08-03,2024-03-14,Pro,75.29,58,Electronics,0,896.09,6
USR0312,45,Non-binary,UK,2023-05-04,2024-04-13,Basic,16.7,9,Toys,0,611.46,8
USR0313,19,Male,France,2022-09-12,2023-02-09,Free,17.54,2,Clothing,1,19.34,1
USR0314,37,Male,Japan,2023-04-12,2024-03-20,Pro,139.46,31,Home & Garden,0,1584.16,7
USR0315,30,Female,USA,2023-02-18,2023-06-27,Free,4.49,1,Clothing,1,31.68,5
USR0316,20,Non-binary,UK,2022-09-19,2024-05-25,Pro,143.47,48,Food,0,2986.7,0
USR0317,25,Non-binary,UK,2023-01-25,2024-05-22,Free,5.05,5,Electronics,0,22.97,6
USR0318,24,Non-binary,France,2022-10-04,2023-03-11,Basic,46.53,16,Electronics,1,681.46,1
USR0319,49,Male,USA,2022-07-24,2024-03-23,Pro,174.72,22,Electronics,0,1394.8,7
USR0320,62,Male,Japan,2022-12-05,2024-05-27,Free,0.25,0,Sports,0,136.03,1
USR0321,22,Non-binary,Australia,2022-04-14,2024-05-01,Enterprise,568.82,88,Electronics,0,14852.66,5
USR0322,41,Female,India,2022-11-17,2023-05-01,Basic,20.22,4,Clothing,1,106.77,3
USR0323,35,Non-binary,Brazil,2022-04-06,2024-04-06,Basic,30.42,6,Food,0,380.54,7
USR0324,59,Female,Brazil,2022-06-20,2024-03-16,Free,13.92,0,Home & Garden,0,147.24,9
USR0325,54,Female,France,2022-07-05,2024-03-19,Basic,50.06,3,Sports,0,703.8,7
USR0326,44,Male,UK,2022-03-06,2022-07-31,Free,6.28,5,Toys,1,130.25,3
USR0327,51,Female,Canada,2022-04-08,2024-04-21,Basic,47.7,18,Electronics,0,342.02,8
USR0328,21,Non-binary,USA,2022-06-10,2022-10-13,Basic,36.12,18,Clothing,1,708.59,2
USR0329,50,Male,USA,2023-01-23,2024-03-14,Basic,25.57,17,Automotive,0,410.93,7
USR0330,25,Female,Mexico,2022-01-19,2024-05-19,Free,8.25,4,Health,0,82.36,10
USR0331,50,Female,Canada,2023-04-13,2024-04-14,Enterprise,386.17,36,Books,0,12615.65,9
USR0332,63,Female,France,2023-04-09,2023-09-18,Free,15.19,1,Health,1,0.33,4
USR0333,41,Non-binary,France,2022-02-16,2024-04-04,Pro,123.86,55,Beauty,0,2356.28,3
USR0334,43,Male,USA,2022-07-15,2024-05-28,Pro,66.16,36,Books,0,616.25,7
USR0335,60,Female,Germany,2023-06-01,2023-09-19,Free,9.98,4,Food,1,110.43,4
USR0336,62,Male,Germany,2022-05-12,2022-08-18,Free,13.15,4,Home & Garden,1,132.4,5
USR0337,35,Male,UK,2022-12-18,2024-05-07,Enterprise,444.35,47,Clothing,0,3796.34,8
USR0338,65,Non-binary,Japan,2022-08-11,2024-03-19,Free,12.48,2,Health,0,102.99,10
USR0339,50,Male,Canada,2022-11-27,2024-05-27,Pro,164.12,45,Toys,0,1700.92,10
USR0340,52,Non-binary,USA,2023-03-09,2023-03-23,Pro,128.41,11,Clothing,1,1452.18,2
USR0341,34,Non-binary,USA,2022-03-05,2024-04-29,Pro,94.27,58,Electronics,0,1852.93,10
USR0342,53,Non-binary,Brazil,2023-02-03,2024-04-20,Free,15.69,5,Home & Garden,0,43.15,10
USR0343,53,Female,USA,2022-09-15,2024-06-01,Free,17.38,3,Toys,0,124.5,5
USR0344,52,Non-binary,Australia,2022-07-21,2024-03-12,Pro,194.64,28,Clothing,0,1622.04,2
USR0345,50,Non-binary,USA,2022-02-11,2024-03-03,Basic,40.05,7,Home & Garden,0,212.65,2
USR0346,27,Male,Japan,2022-02-22,2024-05-12,Pro,143.8,52,Home & Garden,0,1252.89,5
USR0347,32,Non-binary,Mexico,2022-03-11,2022-05-06,Pro,73.91,44,Automotive,1,1842.59,2
USR0348,41,Female,USA,2023-05-02,2024-04-29,Enterprise,685.4,113,Clothing,0,2114.45,10
USR0349,33,Non-binary,Mexico,2022-11-25,2024-04-08,Basic,50.83,6,Electronics,0,370.11,8
USR0350,50,Female,India,2023-04-02,2023-04-26,Basic,28.34,9,Clothing,1,324.22,4
USR0351,58,Male,USA,2022-08-07,2024-04-27,Pro,113.63,16,Beauty,0,1013.95,1
USR0352,61,Non-binary,USA,2023-04-16,2024-05-13,Pro,55.68,14,Electronics,0,635.67,3
USR0353,44,Female,UK,2023-02-19,2024-05-21,Basic,15.76,6,Electronics,0,474.38,9
USR0354,62,Male,India,2023-01-02,2024-04-08,Enterprise,218.99,130,Food,0,10916.42,8
USR0355,60,Female,USA,2022-06-10,2024-04-09,Basic,21.14,15,Health,0,657.74,2
USR0356,61,Female,Brazil,2023-01-18,2023-01-19,Enterprise,157.25,141,Books,1,9215.91,9
USR0357,23,Non-binary,UK,2022-12-19,2023-05-25,Free,18.11,4,Food,1,21.37,0
USR0358,60,Male,India,2022-02-25,2024-04-09,Pro,189.86,45,Beauty,0,1653.16,4
USR0359,30,Male,Australia,2023-05-14,2024-05-21,Enterprise,382.14,115,Electronics,0,10521.15,7
USR0360,46,Female,UK,2022-11-10,2024-04-26,Pro,72.86,46,Clothing,0,1411.23,5
USR0361,32,Male,France,2023-03-23,2024-05-01,Free,7.19,5,Sports,0,109.95,4
USR0362,53,Female,USA,2022-03-25,2022-09-01,Pro,178.81,18,Electronics,1,2728.24,0
USR0363,58,Non-binary,USA,2023-02-19,2024-05-11,Pro,81.91,12,Sports,0,1878.98,2
USR0364,43,Female,USA,2022-10-25,2023-04-12,Free,10.02,0,Clothing,1,59.52,5
USR0365,50,Male,USA,2022-06-13,2022-10-14,Free,18.97,5,Health,1,130.83,0
USR0366,32,Female,USA,2023-01-14,2023-05-14,Free,13.37,4,Health,1,136.16,0
USR0367,38,Non-binary,USA,2022-10-08,2024-04-20,Pro,89.5,44,Home & Garden,0,1925.4,10
USR0368,51,Male,USA,2022-08-17,2024-05-19,Basic,30.88,14,Electronics,0,440.8,2
USR0369,28,Female,USA,2022-10-15,2024-05-26,Free,3.74,2,Clothing,0,90.3,5
USR0370,25,Non-binary,Canada,2023-05-06,2023-09-29,Basic,41.59,16,Books,1,115.71,2
USR0371,20,Non-binary,Brazil,2022-05-31,2022-10-22,Free,5.17,1,Beauty,1,77.5,6
USR0372,23,Female,USA,2023-04-28,2024-03-26,Pro,75.59,36,Beauty,0,2002.1,8
USR0373,28,Female,Australia,2022-12-17,2024-03-16,Enterprise,537.75,38,Electronics,0,4987.58,9
USR0374,44,Non-binary,India,2022-04-09,2024-05-06,Free,18.03,4,Toys,0,5.86,1
USR0375,60,Female,USA,2022-01-02,2024-03-08,Pro,166.23,51,Beauty,0,1578.74,6
USR0376,48,Male,India,2023-01-26,2023-03-26,Basic,51.21,6,Health,1,397.84,1
USR0377,52,Non-binary,UK,2022-07-13,2022-07-14,Free,14.87,0,Home & Garden,1,86.7,3
USR0378,44,Female,UK,2022-06-08,2024-04-18,Basic,41.34,11,Beauty,0,698.48,10
USR0379,31,Female,UK,2023-05-10,2023-08-06,Free,11.18,3,Food,1,38.07,5
USR0380,60,Male,USA,2022-08-24,2024-04-15,Basic,46.47,8,Food,0,170.2,9
USR0381,61,Non-binary,France,2022-06-14,2024-05-18,Basic,43.61,5,Sports,0,676.28,1
USR0382,32,Female,UK,2022-02-08,2024-05-18,Pro,189.6,35,Electronics,0,2034.91,2
USR0383,49,Non-binary,UK,2022-07-26,2022-12-26,Pro,189.61,43,Books,1,1215.02,3
USR0384,61,Male,USA,2022-09-02,2024-04-17,Pro,196.35,15,Beauty,0,2992.04,6
USR0385,30,Non-binary,Canada,2022-03-12,2024-04-16,Enterprise,507.24,122,Home & Garden,0,12786.94,6
USR0386,30,Non-binary,Canada,2023-02-18,2024-05-06,Basic,26.75,16,Clothing,0,454.37,1
USR0387,34,Non-binary,Brazil,2022-09-14,2022-12-09,Pro,194.91,46,Health,1,1709.07,5
USR0388,55,Female,Brazil,2023-05-09,2023-11-04,Free,1.35,5,Clothing,1,118.3,3
USR0389,51,Female,Canada,2022-09-27,2023-02-15,Free,1.86,5,Health,1,112.32,2
USR0390,31,Female,Brazil,2022-10-03,2022-12-03,Free,14.92,1,Automotive,1,74.85,1
USR0391,33,Male,India,2022-12-31,2024-05-20,Free,2.13,0,Electronics,0,101.37,8
USR0392,48,Male,UK,2022-11-19,2024-05-07,Basic,59.34,11,Clothing,0,443.56,3
USR0393,26,Non-binary,USA,2023-03-10,2024-03-25,Basic,39.33,19,Sports,0,343.1,1
USR0394,51,Non-binary,Canada,2022-01-09,2022-03-16,Free,4.22,4,Clothing,1,15.11,1
USR0395,48,Female,Mexico,2022-12-18,2024-04-18,Basic,37.44,9,Automotive,0,393.37,4
USR0396,29,Female,Germany,2022-08-23,2024-03-28,Pro,158.12,25,Electronics,0,1888.35,2
USR0397,18,Female,USA,2023-05-27,2024-05-04,Free,17.87,5,Clothing,0,77.55,8
USR0398,21,Non-binary,UK,2022-06-17,2022-09-10,Free,16.28,3,Clothing,1,125.85,4
USR0399,34,Non-binary,UK,2023-02-26,2024-05-25,Free,17.35,4,Books,0,29.84,4
USR0400,38,Female,France,2023-05-15,2024-05-22,Pro,117.04,15,Health,0,1452.68,2
USR0401,39,Non-binary,UK,2023-02-19,2024-05-25,Pro,60.7,20,Clothing,0,1359.06,4
USR0402,59,Non-binary,UK,2023-04-01,2024-04-24,Pro,190.82,57,Clothing,0,1967.3,0
USR0403,64,Male,USA,2022-09-15,2024-03-15,Enterprise,605.45,40,Electronics,0,4737.43,9
USR0404,19,Male,Australia,2022-03-27,2024-04-11,Free,12.36,0,Clothing,0,98.22,4
USR0405,58,Female,USA,2022-06-24,2022-11-09,Free,13.27,2,Health,1,129.64,3
USR0406,62,Male,Canada,2023-04-13,2024-04-11,Basic,43.61,16,Health,0,466.42,7
USR0407,32,Non-binary,India,2023-03-29,2023-05-02,Free,8.24,1,Home & Garden,1,45.54,4
USR0408,62,Male,Japan,2023-05-04,2024-05-12,Free,15.32,2,Home & Garden,0,89.55,6
USR0409,45,Non-binary,UK,2022-06-17,2022-11-24,Pro,146.9,34,Clothing,1,1051.48,6
USR0410,61,Non-binary,USA,2022-10-03,2023-01-27,Basic,53.41,8,Beauty,1,195.64,4
USR0411,49,Non-binary,USA,2022-01-20,2022-03-29,Free,19.39,0,Electronics,1,27.89,5
USR0412,32,Male,USA,2022-01-16,2024-04-19,Basic,30.39,12,Sports,0,650.01,0
USR0413,23,Female,India,2022-05-30,2022-08-02,Free,15.51,0,Food,1,81.48,0
USR0414,33,Non-binary,UK,2023-03-30,2024-05-08,Free,19.89,1,Beauty,0,69.13,3
USR0415,42,Female,France,2022-11-16,2024-05-08,Enterprise,253.1,123,Electronics,0,2548.42,10
USR0416,30,Female,UK,2022-02-23,2024-03-04,Pro,82.67,17,Clothing,0,1089.91,4
USR0417,25,Non-binary,UK,2022-09-06,2024-04-19,Free,0.84,5,Food,0,71.29,3
USR0418,49,Male,USA,2022-12-13,2024-03-22,Enterprise,798.03,110,Toys,0,2780.68,6
USR0419,32,Female,UK,2022-12-22,2024-03-20,Pro,115.81,22,Clothing,0,553.38,0
USR0420,63,Female,UK,2022-10-29,2023-02-25,Basic,37.05,8,Clothing,1,480.53,6
USR0421,28,Non-binary,USA,2022-06-08,2022-11-18,Basic,51.87,20,Sports,1,356.98,0
USR0422,41,Non-binary,Australia,2022-09-02,2023-02-23,Free,1.27,4,Sports,1,122.86,1
USR0423,36,Non-binary,UK,2022-11-26,2024-03-25,Free,10.46,0,Automotive,0,6.57,3
USR0424,49,Male,USA,2022-02-02,2024-04-04,Basic,52.63,18,Electronics,0,468.07,3
USR0425,63,Non-binary,USA,2022-08-02,2024-04-18,Pro,189.26,15,Books,0,1670.15,6
USR0426,63,Female,USA,2022-09-30,2023-02-09,Basic,48.04,12,Electronics,1,154.55,3
USR0427,30,Female,USA,2022-09-12,2024-03-16,Basic,57.64,20,Food,0,624.44,9
USR0428,61,Female,Canada,2023-03-14,2024-05-26,Pro,75.02,21,Clothing,0,1874.91,9
USR0429,40,Female,Japan,2022-11-29,2024-05-19,Pro,111.85,50,Clothing,0,1576.47,8
USR0430,42,Male,Australia,2022-09-18,2022-11-29,Basic,35.36,15,Books,1,100.14,1
USR0431,18,Female,UK,2022-08-16,2024-05-07,Free,6.3,5,Books,0,123.35,9
USR0432,24,Male,USA,2022-12-31,2023-03-17,Free,5.3,4,Electronics,1,37.48,4
USR0433,64,Male,USA,2022-11-29,2024-03-15,Pro,75.94,54,Books,0,2257.12,4
USR0434,64,Male,India,2023-01-26,2024-04-25,Free,1.12,2,Health,0,52.19,1
USR0435,65,Male,France,2022-01-12,2022-05-30,Basic,43.45,4,Books,1,313.35,4
USR0436,32,Non-binary,USA,2023-02-07,2024-04-09,Enterprise,639.35,103,Food,0,8561.48,6
USR0437,23,Female,Canada,2022-02-20,2024-03-19,Basic,26.82,15,Food,0,451.28,7
USR0438,30,Non-binary,Canada,2022-07-20,2022-11-07,Basic,59.87,19,Clothing,1,272.37,0
USR0439,60,Male,UK,2023-01-10,2024-03-24,Free,6.41,4,Health,0,98.31,9
USR0440,57,Female,USA,2022-02-15,2024-03-13,Enterprise,301.77,117,Electronics,0,6859.67,6
USR0441,27,Non-binary,Brazil,2022-10-22,2023-01-14,Free,13.88,0,Clothing,1,45.77,1
USR0442,52,Male,Canada,2022-09-22,2024-04-20,Basic,43.04,7,Books,0,586.55,10
USR0443,20,Non-binary,USA,2022-03-03,2022-03-05,Free,15.78,4,Electronics,1,40.69,2
USR0444,60,Non-binary,UK,2022-04-21,2024-05-07,Free,17.35,5,Health,0,57.98,1
USR0445,49,Female,Brazil,2022-04-01,2024-03-08,Free,10.01,3,Clothing,0,84.1,8
USR0446,39,Female,Canada,2022-06-10,2022-10-16,Free,13.69,2,Clothing,1,93.78,0
USR0447,42,Female,Brazil,2022-01-31,2024-05-26,Enterprise,766.93,58,Electronics,0,3972.21,9
USR0448,57,Non-binary,Brazil,2022-08-21,2024-04-14,Basic,40.78,16,Sports,0,779.38,2
USR0449,59,Male,USA,2022-07-27,2024-04-27,Pro,96.35,55,Health,0,2746.61,2
USR0450,54,Non-binary,Japan,2022-11-22,2022-12-29,Free,10.66,5,Toys,1,17.76,3
USR0451,37,Female,UK,2022-10-08,2024-05-20,Free,3.76,1,Beauty,0,27.71,9
USR0452,57,Non-binary,USA,2022-08-26,2023-01-01,Free,0.52,0,Automotive,1,103.22,5
USR0453,41,Non-binary,USA,2023-02-01,2024-03-04,Basic,21.19,9,Health,0,258.39,6
USR0454,65,Male,France,2022-07-27,2024-04-13,Pro,59.92,38,Automotive,0,2667.82,3
USR0455,43,Female,Australia,2023-01-25,2024-05-24,Pro,109.12,57,Automotive,0,1929.84,0
USR0456,24,Non-binary,Canada,2022-02-13,2024-05-13,Pro,86.86,44,Home & Garden,0,1489.03,10
USR0457,30,Male,USA,2023-02-12,2024-05-20,Pro,166.05,28,Health,0,1653.37,8
USR0458,47,Male,India,2023-04-08,2024-05-31,Free,10.01,1,Books,0,116.81,6
USR0459,38,Female,Canada,2022-07-03,2022-09-23,Basic,55.35,9,Beauty,1,717.78,2
USR0460,25,Non-binary,USA,2023-04-06,2024-05-20,Basic,18.84,15,Health,0,608.81,6
USR0461,42,Non-binary,USA,2022-06-24,2024-03-21,Enterprise,517.57,114,Clothing,0,13214.74,8
USR0462,37,Female,Australia,2023-04-02,2023-06-05,Free,3.61,1,Electronics,1,144.07,6
USR0463,52,Female,India,2023-05-21,2023-10-21,Free,11.78,3,Beauty,1,68.06,3
USR0464,57,Female,Germany,2022-08-01,2022-08-09,Free,2.97,5,Beauty,1,52.35,2
USR0465,23,Female,USA,2023-03-03,2024-05-18,Enterprise,254.87,66,Books,0,9944.17,8
USR0466,65,Female,Germany,2022-02-06,2024-04-26,Free,5.99,2,Automotive,0,134.63,1
USR0467,48,Female,USA,2022-10-09,2024-03-16,Free,8.28,1,Books,0,104.37,10
USR0468,23,Non-binary,Canada,2022-10-22,2024-04-17,Basic,53.15,11,Health,0,467.77,9
USR0469,49,Non-binary,Canada,2023-05-25,2024-03-03,Basic,23.1,10,Electronics,0,596.01,7
USR0470,25,Non-binary,Australia,2022-08-01,2024-05-23,Pro,199.85,36,Clothing,0,613.73,10
USR0471,62,Male,USA,2022-03-11,2022-06-04,Free,10.13,2,Home & Garden,1,115.05,4
USR0472,29,Male,USA,2022-12-13,2024-05-03,Enterprise,461.42,90,Clothing,0,12364.31,9
USR0473,47,Female,India,2023-02-28,2024-04-12,Enterprise,186.41,96,Books,0,5891.47,6
USR0474,61,Non-binary,UK,2022-12-29,2023-05-14,Free,2.99,0,Automotive,1,50.87,4
USR0475,29,Female,Germany,2022-11-12,2023-01-11,Pro,97.17,12,Home & Garden,1,1178.74,1
USR0476,37,Non-binary,USA,2023-01-19,2023-05-22,Pro,166.67,15,Health,1,1609.44,1
USR0477,48,Female,Australia,2022-11-14,2024-05-28,Pro,71.49,16,Health,0,2555.35,3
USR0478,20,Non-binary,Canada,2022-04-29,2024-04-14,Free,18.65,5,Sports,0,127.22,0
USR0479,51,Male,Australia,2022-11-16,2023-01-04,Free,15.17,5,Clothing,1,133.82,2
USR0480,60,Female,USA,2022-06-02,2022-10-18,Free,2.29,4,Home & Garden,1,83.94,2
USR0481,63,Male,India,2022-09-08,2022-09-15,Free,6.23,2,Sports,1,81.09,0
USR0482,42,Male,USA,2023-03-13,2023-05-02,Basic,46.71,17,Toys,1,531.42,6
USR0483,23,Non-binary,Mexico,2023-04-22,2023-10-03,Basic,19.18,17,Toys,1,168.08,3
USR0484,32,Male,USA,2022-09-22,2024-04-13,Enterprise,404.85,119,Sports,0,13924.44,5
USR0485,25,Female,UK,2023-04-18,2023-05-14,Pro,92.34,32,Home & Garden,1,2011.1,1
USR0486,59,Non-binary,USA,2022-11-06,2022-12-16,Basic,33.04,16,Health,1,267.0,0
USR0487,31,Female,India,2023-03-18,2024-03-25,Pro,115.3,60,Beauty,0,1355.5,1
USR0488,63,Non-binary,Germany,2023-05-14,2024-03-25,Free,11.92,2,Clothing,0,83.26,6
USR0489,56,Male,USA,2023-01-24,2024-05-16,Free,12.9,0,Health,0,13.58,10
USR0490,27,Male,France,2023-04-09,2024-04-12,Basic,32.55,17,Clothing,0,236.97,10
USR0491,45,Female,France,2022-12-19,2024-03-19,Enterprise,528.77,108,Automotive,0,14823.48,7
USR0492,21,Non-binary,USA,2023-01-03,2024-04-22,Free,5.64,0,Beauty,0,35.29,6
USR0493,42,Female,UK,2022-08-05,2024-04-18,Pro,121.23,22,Food,0,1888.55,2
USR0494,60,Female,USA,2022-01-12,2024-03-20,Free,0.31,5,Electronics,0,132.73,10
USR0495,47,Female,Brazil,2023-03-12,2024-04-17,Basic,35.45,16,Clothing,0,486.44,6
USR0496,18,Non-binary,Germany,2022-08-31,2022-09-09,Pro,90.39,44,Books,1,1940.88,0
USR0497,48,Non-binary,Mexico,2022-03-23,2022-08-26,Free,14.63,2,Electronics,1,69.74,5
USR0498,60,Non-binary,Mexico,2022-03-21,2022-06-16,Pro,130.88,47,Books,1,1281.25,0
USR0499,50,Female,Japan,2022-12-06,2023-05-07,Basic,58.23,12,Toys,1,302.45,2
USR0500,58,Male,Canada,2022-06-23,2024-04-08,Basic,44.53,12,Sports,0,666.23,2
